,date,open,high,low,close,adjclose,volume
1312,2020-03-20,5.474999904632568,5.757999897003174,5.1282501220703125,5.143750190734863,5.126132965087891,804636000
1313,2020-03-23,5.142749786376953,5.412000179290772,4.9629998207092285,5.317249774932861,5.299036979675293,643876000
1314,2020-03-24,5.724999904632568,6.316500186920166,5.701250076293945,6.229499816894531,6.208162784576416,1101644000
1315,2020-03-25,6.34499979019165,6.545499801635742,6.09149980545044,6.140500068664551,6.119467258453369,793432000
1316,2020-03-26,6.348499774932861,6.555500030517578,6.25,6.431000232696533,6.408972263336182,696108000
1317,2020-03-27,6.25,6.578000068664551,6.2170000076293945,6.318250179290772,6.2966084480285645,638828000
1318,2020-03-30,6.383999824523926,6.64900016784668,6.339749813079834,6.639750003814697,6.617007732391357,602252000
1319,2020-03-31,6.679999828338623,6.885000228881836,6.443749904632568,6.590000152587891,6.567427158355713,949960000
1320,2020-04-01,6.391250133514404,6.538249969482422,6.0320000648498535,6.076749801635742,6.055934906005859,656912000
1321,2020-04-02,6.105999946594238,6.400000095367432,6.057750225067139,6.386750221252441,6.36487340927124,675764000
1322,2020-04-03,6.348999977111816,6.390749931335449,5.959750175476074,6.097750186920166,6.0768632888793945,663212000
1323,2020-04-06,6.38100004196167,6.747000217437744,6.323249816894531,6.710000038146973,6.687016487121582,727884000
1324,2020-04-07,6.932499885559082,6.956250190734863,6.432499885559082,6.475749969482422,6.45357084274292,784520000
1325,2020-04-08,6.585249900817871,6.698750019073486,6.514999866485596,6.673749923706055,6.650890350341797,542444000
1326,2020-04-09,6.800000190734863,6.822999954223633,6.510499954223633,6.573750019073486,6.551233291625977,525564000
1327,2020-04-13,6.513750076293945,6.755000114440918,6.425000190734863,6.746250152587891,6.723142623901367,398408000
1328,2020-04-14,6.875,7.132999897003174,6.847249984741211,7.098750114440918,7.074435234069824,530948000
1329,2020-04-15,6.929999828338623,7.104249954223633,6.884500026702881,7.020999908447266,6.996951103210449,366148000
1330,2020-04-16,7.177000045776367,7.474999904632568,7.163750171661377,7.367499828338623,7.342263698577881,745620000
1331,2020-04-17,7.449999809265137,7.471499919891357,7.173500061035156,7.308000087738037,7.282968997955322,539120000
1332,2020-04-20,7.181000232696533,7.337500095367432,7.131750106811523,7.176249980926514,7.151670455932617,449388000
1333,2020-04-21,7.057750225067139,7.1192498207092285,6.677750110626221,6.737750053405762,6.714671611785889,735160000
1334,2020-04-22,6.930749893188477,7.196750164031982,6.885000228881836,7.153749942779541,7.129247188568115,483356000
1335,2020-04-23,7.196000099182129,7.328499794006348,7.074999809265137,7.100249767303467,7.075929641723633,424160000
1336,2020-04-24,7.090000152587891,7.2417497634887695,7.014999866485596,7.239749908447266,7.214951992034912,352328000
1337,2020-04-27,7.374750137329102,7.587500095367432,7.349999904632568,7.427000045776367,7.401561260223389,479388000
1338,2020-04-28,7.574999809265137,7.605000019073486,7.278500080108643,7.283999919891357,7.259049415588379,442904000
1339,2020-04-29,7.419250011444092,7.514500141143799,7.34375,7.46150016784668,7.435942649841309,379160000
1340,2020-04-30,7.407249927520752,7.46150016784668,7.293000221252441,7.307000160217285,7.281971454620361,375916000
1341,2020-05-01,7.108749866485596,7.222499847412109,7.020999908447266,7.069499969482422,7.045284748077393,342096000
1342,2020-05-04,7.021999835968018,7.296000003814697,7.021999835968018,7.282249927520752,7.257307052612305,317556000
1343,2020-05-05,7.386750221252441,7.506750106811523,7.282249927520752,7.343500137329102,7.318346977233887,368896000
1344,2020-05-06,7.423250198364258,7.550000190734863,7.385250091552734,7.44474983215332,7.419249534606934,323464000
1345,2020-05-07,7.584499835968018,7.685249805450439,7.532999992370605,7.621749877929687,7.595643520355225,373732000
1346,2020-05-08,7.693749904632568,7.818749904632568,7.659749984741211,7.8125,7.785740375518799,339216000
1347,2020-05-11,7.807499885559082,8.112500190734863,7.778749942779541,8.065500259399414,8.037874221801758,469060000
1348,2020-05-12,8.123499870300293,8.172499656677246,7.792749881744385,7.802499771118164,7.7757744789123535,493060000
1349,2020-05-13,7.917500019073486,8.078499794006348,7.594749927520752,7.78000020980835,7.75335168838501,625852000
1350,2020-05-14,7.841750144958496,8.03600025177002,7.6875,8.030500411987305,8.002996444702148,602312000
1351,2020-05-15,7.889750003814697,8.500499725341797,7.874000072479248,8.490750312805176,8.461668014526367,987660000
1352,2020-05-18,8.760499954223633,8.916500091552734,8.680500030517578,8.750249862670898,8.720277786254883,774460000
1353,2020-05-19,8.790249824523926,9.087499618530272,8.762749671936035,8.805500030517578,8.77534008026123,717320000
1354,2020-05-20,8.991000175476074,9.04300022125244,8.888750076293945,8.970000267028809,8.939274787902832,587536000
1355,2020-05-21,9.05150032043457,9.052499771118164,8.737500190734863,8.775250434875488,8.745193481445312,761068000
1356,2020-05-22,8.825249671936035,9.093000411987305,8.713250160217285,9.026249885559082,8.995331764221191,1038764000
1357,2020-05-26,9.156749725341797,9.181750297546388,8.67199993133545,8.71774959564209,8.687889099121094,770780000
1358,2020-05-27,8.625,8.632749557495117,7.996749877929687,8.525250434875488,8.496049880981445,1175892000
1359,2020-05-28,8.412249565124512,8.760499954223633,8.379249572753906,8.487000465393066,8.457931518554688,734896000
1360,2020-05-29,8.554499626159668,8.875499725341797,8.484999656677246,8.875499725341797,8.845099449157715,745256000
1361,2020-06-01,8.833250045776367,8.840749740600586,8.689499855041504,8.806249618530273,8.776087760925293,389876000
1362,2020-06-02,8.796250343322754,8.837249755859375,8.657999992370605,8.825249671936035,8.795021057128906,391320000
1363,2020-06-03,8.822250366210938,8.866250038146973,8.699999809265137,8.769499778747559,8.739460945129395,365440000
1364,2020-06-04,8.727999687194824,8.943249702453613,8.677499771118164,8.766500473022461,8.740460395812988,424280000
1365,2020-06-05,8.794500350952148,8.996999740600586,8.708000183105469,8.920000076293945,8.89350414276123,481748000
1366,2020-06-08,8.877249717712402,8.889749526977539,8.685750007629395,8.805000305175781,8.77884578704834,387736000
1367,2020-06-09,8.800000190734863,9.109749794006348,8.751250267028809,9.04599952697754,9.019128799438477,468488000
1368,2020-06-10,9.167750358581545,9.5,9.153499603271484,9.36674976348877,9.338926315307615,632180000
1369,2020-06-11,9.149999618530272,9.261249542236328,8.78600025177002,8.796250343322754,8.770121574401855,583652000
1370,2020-06-12,9.162500381469728,9.187250137329102,8.70324993133545,8.932499885559082,8.905965805053711,570908000
1371,2020-06-15,8.815250396728516,9.182250022888184,8.743749618530273,9.173749923706056,9.146499633789062,400004000
1372,2020-06-16,9.225000381469728,9.26675033569336,8.838749885559082,9.068499565124512,9.0415620803833,535716000
1373,2020-06-17,9.113750457763672,9.298999786376951,9.070249557495115,9.236000061035156,9.208565711975098,408304000
1374,2020-06-18,9.22700023651123,9.282500267028809,9.114500045776367,9.218000411987305,9.190619468688965,254408000
1375,2020-06-19,9.24250030517578,9.44499969482422,9.227250099182127,9.261249542236328,9.233741760253906,524160000
1376,2020-06-22,9.300000190734863,9.53125,9.273249626159668,9.52674961090088,9.498451232910156,398468000
1377,2020-06-23,9.550999641418455,9.642499923706056,9.407500267028809,9.449999809265137,9.421930313110352,375108000
1378,2020-06-24,9.47624969482422,9.556500434875488,9.14449977874756,9.23550033569336,9.2080659866333,449372000
1379,2020-06-25,9.35575008392334,9.505000114440918,9.182250022888184,9.489999771118164,9.461812019348145,376072000
1380,2020-06-26,9.5,9.5,9.125,9.154999732971191,9.127805709838867,592084000
1381,2020-06-29,9.169750213623049,9.204500198364258,8.899999618530273,9.199999809265137,9.172672271728516,342248000
1382,2020-06-30,9.314000129699709,9.526249885559082,9.26650047302246,9.497750282287598,9.46953582763672,367892000
1383,2020-07-01,9.520750045776367,9.575750350952148,9.413000106811523,9.529999732971191,9.501690864562988,326648000
1384,2020-07-02,9.638999938964844,9.737500190734863,9.57824993133545,9.612250328063965,9.583697319030762,364056000
1385,2020-07-06,9.74174976348877,9.9087495803833,9.712499618530272,9.83924961090088,9.81002426147461,315892000
1386,2020-07-07,9.946249961853027,10.06999969482422,9.850749969482422,9.871749877929688,9.84242820739746,357800000
1387,2020-07-08,9.993749618530272,10.225000381469728,9.965499877929688,10.215999603271484,10.185653686523438,365480000
1388,2020-07-09,10.380249977111816,10.56999969482422,10.23349952697754,10.508999824523926,10.477785110473633,494548000
1389,2020-07-10,10.588749885559082,10.65524959564209,10.37874984741211,10.479249954223633,10.448122024536133,497676000
1390,2020-07-13,10.595000267028809,10.79224967956543,10.024999618530272,10.052249908447266,10.022390365600586,457076000
1391,2020-07-14,10.074999809265137,10.402750015258787,9.785499572753906,10.376999855041504,10.34617519378662,542676000
1392,2020-07-15,10.414250373840332,10.43299961090088,10.055749893188477,10.227250099182127,10.196870803833008,403984000
1393,2020-07-16,10.015000343322754,10.20674991607666,9.895500183105469,10.134750366210938,10.104643821716309,344964000
1394,2020-07-17,10.225500106811523,10.248499870300291,10.087750434875488,10.201499938964844,10.171196937561035,266284000
1395,2020-07-20,10.274250030517578,10.53125,10.156749725341797,10.510749816894531,10.479527473449709,284852000
1396,2020-07-21,10.512999534606934,10.5600004196167,10.286749839782717,10.328499794006348,10.29782009124756,277036000
1397,2020-07-22,10.36750030517578,10.602499961853027,10.291500091552734,10.438750267028809,10.40774154663086,367292000
1398,2020-07-23,10.449999809265137,10.54699993133545,10.03125,10.12975025177002,10.099661827087402,411660000
1399,2020-07-24,9.875,10.364749908447266,9.777000427246094,10.194499969482422,10.164216995239258,473292000
1400,2020-07-27,10.232250213623049,10.441749572753906,10.21774959564209,10.421500205993652,10.390542984008787,292132000
1401,2020-07-28,10.374250411987305,10.381999969482422,10.209250450134276,10.215499877929688,10.185157775878906,271636000
1402,2020-07-29,10.39074993133545,10.516249656677246,10.347000122070312,10.465499877929688,10.434412956237791,284508000
1403,2020-07-30,10.375,10.623000144958496,10.295249938964844,10.61400032043457,10.582469940185549,308880000
1404,2020-07-31,10.563249588012695,10.76650047302246,10.43299961090088,10.614749908447266,10.583218574523926,386080000
1405,2020-08-03,10.732500076293944,11.098750114440918,10.715250015258787,11.010250091552734,10.977544784545898,412720000
1406,2020-08-04,11.050000190734863,11.227749824523926,10.906000137329102,11.227749824523926,11.194397926330566,310336000
1407,2020-08-05,11.244000434875488,11.371749877929688,11.166250228881836,11.286749839782717,11.253222465515137,249924000
1408,2020-08-06,11.349749565124512,11.357999801635742,11.178750038146973,11.33549976348877,11.301827430725098,244316000
1409,2020-08-07,11.3125,11.50475025177002,11.037500381469728,11.19950008392334,11.16623306274414,342516000
1410,2020-08-10,11.334250450134276,11.408249855041504,10.856499671936035,11.164999961853027,11.131837844848633,427796000
1411,2020-08-11,11.073749542236328,11.13675022125244,10.79574966430664,10.850000381469728,10.817770957946776,354512000
1412,2020-08-12,10.990750312805176,11.467000007629396,10.958250045776367,11.440250396728516,11.406270027160645,464412000
1413,2020-08-13,11.54599952697754,11.721750259399414,11.35575008392334,11.442999839782717,11.409008026123049,374460000
1414,2020-08-14,11.529999732971191,11.704750061035156,11.440500259399414,11.564000129699709,11.529650688171388,366436000
1415,2020-08-17,11.85124969482422,12.409749984741213,11.81725025177002,12.336999893188477,12.30035400390625,621300000
1416,2020-08-18,12.449999809265137,12.496000289916992,12.08625030517578,12.260749816894531,12.224329948425291,503448000
1417,2020-08-19,12.296500205993652,12.3149995803833,12.097999572753906,12.138500213623049,12.102442741394045,622624000
1418,2020-08-20,11.975000381469728,12.375,11.87874984741211,12.140999794006348,12.104936599731444,921388000
1419,2020-08-21,12.201749801635742,12.80875015258789,12.195249557495115,12.683500289916992,12.64582633972168,999868000
1420,2020-08-24,12.883749961853027,12.912500381469728,12.50749969482422,12.720250129699709,12.682465553283691,490564000
1421,2020-08-25,12.630749702453612,12.761249542236328,12.573749542236328,12.75,12.712127685546877,289076000
1422,2020-08-26,12.799249649047852,12.868499755859377,12.677749633789062,12.77299976348877,12.73505687713623,321244000
1423,2020-08-27,12.781499862670898,12.850000381469728,12.566499710083008,12.628250122070312,12.590739250183104,317604000
1424,2020-08-28,12.675000190734863,13.14799976348877,12.642499923706056,13.147749900817873,13.108695030212402,537160000
1425,2020-08-31,13.18274974822998,13.574999809265137,13.037750244140623,13.374500274658203,13.334773063659668,500840000
1426,2020-09-01,13.479999542236328,13.993749618530272,13.43649959564209,13.821000099182127,13.784067153930664,511316000
1427,2020-09-02,14.703749656677246,14.726750373840332,13.899999618530272,14.346500396728516,14.308165550231934,874012000
1428,2020-09-03,13.828749656677246,13.884499549865724,12.87874984741211,13.01550006866455,12.980721473693848,945128000
1429,2020-09-04,12.7837495803833,13.175000190734863,11.704750061035156,12.6225004196167,12.588770866394045,1463684000
1430,2020-09-08,11.73449993133545,12.550000190734863,11.70425033569336,11.913000106811523,11.881166458129885,795728000
1431,2020-09-09,12.399999618530272,12.809249877929688,12.231749534606934,12.71500015258789,12.681022644042969,736200000
1432,2020-09-10,12.989250183105469,13.065250396728516,12.166999816894531,12.311750411987305,12.278852462768556,698684000
1433,2020-09-11,12.48550033569336,12.65250015258789,11.895750045776367,12.16450023651123,12.13199520111084,636928000
1434,2020-09-14,13.081000328063965,13.3149995803833,12.631250381469728,12.872249603271484,12.837851524353027,1201744000
1435,2020-09-15,13.279999732971191,13.298749923706056,12.827750205993652,12.991000175476074,12.956287384033203,727556000
1436,2020-09-16,12.957249641418455,13.09274959564209,12.513750076293944,12.51449966430664,12.481059074401855,556384000
1437,2020-09-17,12.13224983215332,12.589750289916992,12.034749984741213,12.463500022888184,12.430195808410645,792512000
1438,2020-09-18,12.59375,12.63249969482422,11.988750457763672,12.189249992370604,12.15667724609375,698460000
1439,2020-09-21,11.925000190734863,12.522500038146973,11.904500007629396,12.517250061035156,12.48380184173584,721044000
1440,2020-09-22,12.574999809265137,12.64799976348877,12.155500411987305,12.637749671936035,12.603979110717772,646452000
1441,2020-09-23,12.575499534606934,12.72700023651123,12.07925033569336,12.123749732971191,12.091353416442873,647012000
1442,2020-09-24,12.072250366210938,12.569499969482422,12.013999938964844,12.347999572753906,12.315003395080566,731240000
1443,2020-09-25,12.447500228881836,12.883500099182127,12.245750427246094,12.873749732971191,12.839348793029783,588016000
1444,2020-09-28,13.040249824523926,13.051750183105469,12.75,13.03499984741211,13.000168800354004,573808000
1445,2020-09-29,12.9375,13.442749977111816,12.933250427246094,13.225749969482422,13.190409660339355,621460000
1446,2020-09-30,13.157500267028809,13.6225004196167,13.150250434875488,13.530500411987305,13.494344711303713,689184000
1447,2020-10-01,13.758000373840332,13.762749671936035,13.460749626159668,13.614500045776367,13.578120231628418,525004000
1448,2020-10-02,13.225000381469728,13.51949977874756,13.050999641418455,13.062250137329102,13.027348518371582,552496000
1449,2020-10-05,13.236000061035156,13.64424991607666,13.222749710083008,13.642499923706056,13.606046676635742,479820000
1450,2020-10-06,13.829999923706056,14.142000198364258,13.664999961853027,13.736499786376951,13.699793815612791,784420000
1451,2020-10-07,13.999750137329102,14.119250297546388,13.863499641418455,13.96399974822998,13.926685333251951,418084000
1452,2020-10-08,14.074999809265137,14.084500312805176,13.758000373840332,13.838749885559082,13.80177116394043,378900000
1453,2020-10-09,13.767000198364258,13.82425022125244,13.66075038909912,13.762749671936035,13.72597312927246,346892000
1454,2020-10-12,13.989500045776367,14.347000122070312,13.912500381469728,14.22599983215332,14.187984466552734,434744000
1455,2020-10-13,14.296500205993652,14.34850025177002,14.018750190734863,14.248250007629396,14.210177421569824,344604000
1456,2020-10-14,14.290499687194824,14.34274959564209,13.960000038146973,14.095250129699709,14.057586669921877,276100000
1457,2020-10-15,13.810750007629396,14.005749702453612,13.767749786376951,13.970000267028809,13.93267059326172,267224000
1458,2020-10-16,14.036749839782717,14.121500015258787,13.792499542236328,13.81149959564209,13.774592399597168,242392000
1459,2020-10-19,13.902999877929688,13.98349952697754,13.406749725341797,13.497750282287598,13.461681365966797,298068000
1460,2020-10-20,13.583499908447266,13.799750328063965,13.506999969482422,13.645500183105469,13.609037399291992,229212000
1461,2020-10-21,13.625,13.791500091552734,13.477499961853027,13.524749755859377,13.48861026763916,219596000
1462,2020-10-22,13.522500038146973,13.611749649047852,13.231749534606934,13.361000061035156,13.325295448303224,290480000
1463,2020-10-23,13.449999809265137,13.593250274658203,13.291250228881836,13.590250015258787,13.553935050964355,233484000
1464,2020-10-26,13.427000045776367,13.692749977111816,13.03849983215332,13.141249656677246,13.106134414672852,336896000
1465,2020-10-27,13.305999755859377,13.44200038909912,13.191499710083008,13.396750450134276,13.360953330993652,250520000
1466,2020-10-28,13.197999954223633,13.260000228881836,12.609000205993652,12.626999855041504,12.593256950378418,376520000
1467,2020-10-29,12.838500022888184,13.192749977111816,12.75,13.02400016784668,12.989198684692385,320080000
1468,2020-10-30,12.850000381469728,12.93649959564209,12.300000190734863,12.534000396728516,12.500508308410645,416820000
1469,2020-11-02,12.657750129699709,12.836750030517578,12.395000457763672,12.580750465393066,12.547131538391112,299652000
1470,2020-11-03,12.708499908447266,13.104999542236328,12.602749824523926,13.01949977874756,12.98470973968506,272900000
1471,2020-11-04,13.389249801635742,13.827500343322754,13.336999893188477,13.794249534606934,13.757389068603516,410228000
1472,2020-11-05,14.162500381469728,14.33899974822998,13.991000175476074,14.15999984741211,14.122162818908691,319028000
1473,2020-11-06,14.109749794006348,14.588749885559082,13.895000457763672,14.562000274658203,14.52308750152588,383348000
1474,2020-11-09,14.552499771118164,14.691499710083008,13.610750198364258,13.630749702453612,13.59432601928711,582976000
1475,2020-11-10,13.606499671936035,13.606499671936035,12.628250122070312,12.770000457763672,12.735876083374023,644068000
1476,2020-11-11,13.053750038146973,13.4350004196167,12.948249816894531,13.41800022125244,13.382145881652832,404744000
1477,2020-11-12,13.479000091552734,13.765999794006348,13.315999984741213,13.45674991607666,13.420791625976562,365812000
1478,2020-11-13,13.627249717712402,13.668749809265137,13.059249877929688,13.29699993133545,13.261467933654783,346312000
1479,2020-11-16,13.172499656677246,13.649499893188477,13.156000137329102,13.515250205993652,13.479137420654297,413776000
1480,2020-11-17,13.552499771118164,13.5962495803833,13.303750038146973,13.422249794006348,13.386383056640623,312028000
1481,2020-11-18,13.465250015258787,13.60575008392334,13.1850004196167,13.428750038146973,13.392866134643556,510924000
1482,2020-11-19,13.212750434875488,13.487500190734863,13.100000381469728,13.440250396728516,13.404336929321287,565936000
1483,2020-11-20,13.45400047302246,13.494500160217283,13.0649995803833,13.087750434875488,13.052777290344238,341088000
1484,2020-11-23,13.171250343322754,13.38249969482422,13.01550006866455,13.140000343322754,13.104888916015623,361356000
1485,2020-11-24,13.142499923706056,13.161999702453612,12.885000228881836,12.95775032043457,12.923126220703123,346500000
1486,2020-11-25,13.032500267028809,13.26949977874756,13.020000457763672,13.234749794006348,13.199384689331056,259916000
1487,2020-11-27,13.375,13.407500267028809,13.170499801635742,13.261249542236328,13.225812911987305,167276000
1488,2020-11-30,13.265000343322754,13.412500381469728,12.972249984741213,13.40149974822998,13.365689277648926,286952000
1489,2020-12-01,13.492250442504885,13.5287504196167,13.228249549865724,13.390000343322754,13.354219436645508,296948000
1490,2020-12-02,13.350500106811523,13.673500061035156,13.23425006866455,13.544500350952148,13.508307456970217,283360000
1491,2020-12-03,13.587499618530272,13.65999984741211,13.32900047302246,13.395999908447266,13.36415195465088,199520000
1492,2020-12-04,13.44849967956543,13.5600004196167,13.388750076293944,13.558250427246094,13.52601718902588,202244000
1493,2020-12-07,13.60124969482422,13.731249809265137,13.5,13.606749534606934,13.574399948120115,223244000
1494,2020-12-08,13.585000038146973,13.598750114440918,13.281499862670898,13.350000381469728,13.318262100219728,271920000
1495,2020-12-09,13.30049991607666,13.413999557495115,12.868249893188477,12.930749893188477,12.900005340576172,401300000
1496,2020-12-10,12.869000434875488,13.068750381469728,12.849499702453612,12.972249984741213,12.941408157348633,207764000
1497,2020-12-11,12.967249870300291,13.020000457763672,12.822999954223633,13.013250350952148,12.98231315612793,209264000
1498,2020-12-14,13.088000297546388,13.388750076293944,13.077500343322754,13.30875015258789,13.277109146118164,270156000
1499,2020-12-15,13.439749717712402,13.46399974822998,13.186750411987305,13.36050033569336,13.328733444213867,193016000
1500,2020-12-16,13.422499656677246,13.437250137329102,13.212499618530272,13.24250030517578,13.211015701293944,223116000
1501,2020-12-17,13.36674976348877,13.37950038909912,13.178500175476074,13.3412504196167,13.309530258178713,231384000
1502,2020-12-18,13.378999710083008,13.404999732971191,13.070500373840332,13.272000312805176,13.24044704437256,342064000
1503,2020-12-21,13.074749946594238,13.369999885559082,12.967499732971191,13.332249641418455,13.300552368164062,302332000
1504,2020-12-22,13.319250106811523,13.337249755859377,13.053999900817873,13.278249740600586,13.246679306030272,185580000
1505,2020-12-23,13.255999565124512,13.274999618530272,13.005000114440918,13.009249687194824,12.97831916809082,179144000
1506,2020-12-24,13.037249565124512,13.13249969482422,12.938750267028809,12.993749618530272,12.96285629272461,97884000
1507,2020-12-28,13.0625,13.0625,12.763250350952148,12.899999618530272,12.869330406188965,212564000
1508,2020-12-29,12.925000190734863,13.072500228881836,12.842249870300291,12.943249702453612,12.912476539611816,170372000
1509,2020-12-30,12.990249633789062,13.213749885559082,12.896750450134276,13.145750045776367,13.114496231079102,225396000
1510,2020-12-31,13.136500358581545,13.151000022888184,12.914999961853027,13.05500030517578,13.023961067199709,192424000
1511,2021-01-04,13.104249954223633,13.65250015258789,12.962499618530272,13.113499641418455,13.082321166992188,560640000
1512,2021-01-05,13.099749565124512,13.443499565124512,13.086999893188477,13.404749870300291,13.372879981994627,322760000
1513,2021-01-06,13.22249984741211,13.244999885559082,12.586000442504885,12.614500045776367,12.584508895874023,580424000
1514,2021-01-07,12.967499732971191,13.377750396728516,12.886500358581545,13.343999862670898,13.312275886535645,461480000
1515,2021-01-08,13.362500190734863,13.42099952697754,13.041999816894531,13.27674961090088,13.245182991027832,292528000
1516,2021-01-11,13.418749809265137,13.961000442504885,13.362500190734863,13.621500015258787,13.58911418914795,518344000
1517,2021-01-12,13.7524995803833,13.75450038909912,13.345000267028809,13.484749794006348,13.452689170837402,291476000
1518,2021-01-13,13.489999771118164,13.625,13.385000228881836,13.531749725341797,13.499576568603516,210028000
1519,2021-01-14,13.574999809265137,13.599749565124512,13.180500030517578,13.200249671936035,13.168865203857422,283120000
1520,2021-01-15,13.227999687194824,13.325249671936035,12.84850025177002,12.85949993133545,12.82892608642578,277780000
1521,2021-01-19,13.016249656677246,13.093999862670898,12.843999862670898,13.025250434875488,12.99428367614746,226188000
1522,2021-01-20,13.111749649047852,13.430500030517578,13.056750297546388,13.365750312805176,13.333974838256836,258572000
1523,2021-01-21,13.418499946594238,13.999250411987305,13.253000259399414,13.86750030517578,13.8345308303833,337780000
1524,2021-01-22,13.739999771118164,13.841750144958496,13.627249717712402,13.712499618530272,13.679899215698242,246820000
1525,2021-01-25,13.781749725341797,13.828499794006348,13.236499786376951,13.653249740600586,13.620789527893066,251112000
1526,2021-01-26,13.580499649047852,13.644749641418455,13.387499809265137,13.435250282287598,13.40330696105957,163980000
1527,2021-01-27,13.229999542236328,13.232749938964844,12.793749809265137,12.917750358581545,12.88703727722168,371272000
1528,2021-01-28,12.99625015258789,13.339750289916992,12.96049976348877,13.050999641418455,13.01997184753418,228316000
1529,2021-01-29,13.074999809265137,13.334750175476074,12.911499977111816,12.989749908447266,12.958868026733398,271552000
1530,2021-02-01,13.053250312805176,13.270750045776367,12.902750015258787,13.237000465393066,13.205530166625977,217204000
1531,2021-02-02,13.39875030517578,13.571999549865724,13.285499572753906,13.556750297546388,13.524518013000488,220440000
1532,2021-02-03,13.63599967956543,13.931750297546388,13.51650047302246,13.530500411987305,13.498331069946287,245408000
1533,2021-02-04,13.531000137329102,13.673500061035156,13.337750434875488,13.664250373840332,13.631763458251951,201340000
1534,2021-02-05,13.725000381469728,13.737250328063965,13.54574966430664,13.590999603271484,13.558687210083008,169152000
1535,2021-02-08,13.727250099182127,14.473750114440918,13.727250099182127,14.438750267028809,14.404420852661133,434624000
1536,2021-02-09,14.340749740600586,14.583250045776367,14.22249984741211,14.263250350952148,14.22933864593506,287560000
1537,2021-02-10,14.463250160217283,14.904999732971191,14.341500282287598,14.764249801635742,14.72914695739746,485352000
1538,2021-02-11,14.980250358581545,15.272250175476074,14.925000190734863,15.250749588012695,15.21449089050293,450828000
1539,2021-02-12,15.050000190734863,15.291250228881836,14.774999618530272,14.96125030517578,14.925679206848145,374756000
1540,2021-02-16,15.064249992370604,15.3725004196167,14.949999809265137,15.330249786376951,15.293803215026855,321960000
1541,2021-02-17,15.17099952697754,15.22350025177002,14.779999732971191,14.906000137329102,14.870560646057127,274756000
1542,2021-02-18,14.729000091552734,14.873250007629396,14.574999809265137,14.82900047302246,14.793742179870604,233868000
1543,2021-02-19,15.024499893188477,15.177000045776367,14.846750259399414,14.92650032043457,14.89101219177246,271724000
1544,2021-02-22,14.774749755859377,15.13325023651123,14.324999809265137,14.35575008392334,14.321619987487791,325884000
1545,2021-02-23,14.075249671936035,14.238750457763672,13.38949966430664,14.142000198364258,14.108378410339355,391780000
1546,2021-02-24,14.122750282287598,14.506750106811523,13.755999565124512,14.49899959564209,14.464527130126951,448320000
1547,2021-02-25,14.045499801635742,14.374750137329102,13.2162504196167,13.307499885559082,13.275859832763672,824436000
1548,2021-02-26,13.7524995803833,13.854499816894531,13.361000061035156,13.714500427246094,13.681894302368164,500932000
1549,2021-03-01,13.875,13.925000190734863,13.553250312805176,13.841750144958496,13.808842658996582,353184000
1550,2021-03-02,13.899999618530272,13.920499801635742,13.395999908447266,13.40625,13.374377250671388,264116000
1551,2021-03-03,13.426250457763672,13.451499938964844,12.798749923706056,12.804750442504885,12.774309158325195,377592000
1552,2021-03-04,12.80074977874756,12.975000381469728,12.083749771118164,12.37024974822998,12.340840339660645,573344000
1553,2021-03-05,12.550000190734863,12.550000190734863,11.67924976348877,12.46150016784668,12.431873321533203,542840000
1554,2021-03-08,12.449999809265137,12.4712495803833,11.566499710083008,11.593250274658203,11.565688133239746,543112000
1555,2021-03-09,12.130249977111816,12.61674976348877,12.059249877929688,12.52025032043457,12.494797706604004,521824000
1556,2021-03-10,12.840499877929688,12.979999542236328,12.457500457763672,12.468250274658203,12.442899703979492,384376000
1557,2021-03-11,12.949999809265137,13.046250343322754,12.73449993133545,12.993499755859377,12.967081069946287,299916000
1558,2021-03-12,12.648249626159668,12.888750076293944,12.59000015258789,12.855999946594238,12.829861640930176,243964000
1559,2021-03-15,12.864749908447266,13.20674991607666,12.767250061035156,13.19124984741211,13.164430618286133,221988000
1560,2021-03-16,13.356499671936035,13.512499809265137,13.11674976348877,13.291250228881836,13.264226913452148,272128000
1561,2021-03-17,13.039750099182127,13.45324993133545,12.989500045776367,13.3412504196167,13.314123153686523,243864000
1562,2021-03-18,13.136500358581545,13.184000015258787,12.717000007629396,12.72249984741211,12.696632385253906,293896000
1563,2021-03-19,12.75,12.921500205993652,12.612500190734863,12.845749855041504,12.819634437561035,299208000
1564,2021-03-22,12.912750244140623,13.39449977874756,12.906749725341797,13.186249732971191,13.15944004058838,297804000
1565,2021-03-23,13.254249572753906,13.344499588012695,13.021249771118164,13.07075023651123,13.04417610168457,222048000
1566,2021-03-24,13.151249885559082,13.159250259399414,12.63675022125244,12.642999649047852,12.617295265197754,245840000
1567,2021-03-25,12.499500274658203,12.714750289916992,12.272000312805176,12.535249710083008,12.509763717651367,295144000
1568,2021-03-26,12.554499626159668,12.856249809265137,12.373499870300291,12.83924961090088,12.813145637512209,363968000
1569,2021-03-29,12.820249557495115,13.0625,12.699999809265137,12.948249816894531,12.921924591064451,273520000
1570,2021-03-30,12.842000007629396,12.975250244140623,12.704999923706056,12.871749877929688,12.84557819366455,200204000
1571,2021-03-31,13.01550006866455,13.470499992370604,12.982500076293944,13.34825038909912,13.321111679077148,314776000
1572,2021-04-01,13.572250366210938,13.869999885559082,13.511249542236328,13.811750411987305,13.783668518066406,308276000
1573,2021-04-05,13.86750030517578,14.013999938964844,13.732999801635742,13.987500190734863,13.959061622619627,255672000
1574,2021-04-06,13.999750137329102,14.05424976348877,13.773500442504885,13.861499786376951,13.833317756652832,191744000
1575,2021-04-07,13.880749702453612,14.243499755859377,13.71150016784668,14.143500328063965,14.11474323272705,251284000
1576,2021-04-08,14.252750396728516,14.471500396728516,14.24899959564209,14.31700038909912,14.28789234161377,244416000
1577,2021-04-09,14.21399974822998,14.407999992370604,14.175000190734863,14.399999618530272,14.370722770690918,195172000
1578,2021-04-12,14.289750099182127,15.352499961853027,14.139249801635742,15.208999633789062,15.178078651428224,869324000
1579,2021-04-13,15.231499671936035,15.699999809265137,15.125749588012695,15.679499626159668,15.64762020111084,676212000
1580,2021-04-14,15.625,15.720499992370604,15.227499961853027,15.277000427246094,15.24594020843506,385500000
1581,2021-04-15,15.662500381469728,16.214250564575195,15.631500244140623,16.137250900268555,16.104442596435547,598480000
1582,2021-04-16,16.05299949645996,16.16575050354004,15.865249633789062,15.912500381469728,15.880148887634276,335208000
1583,2021-04-19,15.536499977111816,15.807499885559082,15.232999801635742,15.361749649047852,15.33051586151123,404420000
1584,2021-04-20,15.323249816894531,15.496999740600586,14.963000297546388,15.171250343322754,15.140406608581545,334132000
1585,2021-04-21,15.118749618530272,15.362500190734863,15.102250099182127,15.36050033569336,15.329268455505373,216776000
1586,2021-04-22,15.375,15.43850040435791,14.783499717712402,14.850250244140623,14.820058822631836,277788000
1587,2021-04-23,14.934249877929688,15.335000038146973,14.900250434875488,15.265250205993652,15.234213829040527,227500000
1588,2021-04-26,15.1850004196167,15.479000091552734,15.125,15.477999687194824,15.446528434753418,197796000
1589,2021-04-27,15.578499794006348,15.670499801635742,15.354499816894531,15.381750106811523,15.35047721862793,164572000
1590,2021-04-28,15.364500045776367,15.53225040435791,15.215499877929688,15.27674961090088,15.245689392089844,209416000
1591,2021-04-29,15.399999618530272,15.43649959564209,15.071499824523926,15.324749946594238,15.293593406677246,173196000
1592,2021-04-30,15.174500465393066,15.364999771118164,14.996999740600586,15.009499549865724,14.978981018066406,201912000
1593,2021-05-03,15.125,15.246749877929688,14.787500381469728,14.836750030517578,14.806584358215332,203912000
1594,2021-05-04,14.637249946594238,14.637499809265137,14.010250091552734,14.35124969482422,14.32207202911377,405324000
1595,2021-05-05,14.708999633789062,14.81350040435791,14.387499809265137,14.458499908447266,14.429102897644045,292024000
1596,2021-05-06,14.49524974822998,14.571249961853027,14.218000411987305,14.52299976348877,14.493473052978516,193380000
1597,2021-05-07,14.808250427246094,14.970749855041504,14.67175006866455,14.812250137329102,14.78213596343994,229328000
1598,2021-05-10,14.787249565124512,14.805999755859377,14.25,14.26574993133545,14.236748695373535,268904000
1599,2021-05-11,13.824999809265137,14.35474967956543,13.75,14.306249618530272,14.2771635055542,285584000
1600,2021-05-12,14.009499549865724,14.260250091552734,13.709250450134276,13.758500099182127,13.730527877807615,303408000
1601,2021-05-13,14.0337495803833,14.080750465393066,13.458999633789062,13.665249824523926,13.637466430664062,285404000
1602,2021-05-14,13.890000343322754,14.32800006866455,13.748499870300291,14.243000030517578,14.214044570922852,258616000
1603,2021-05-17,14.156999588012695,14.169249534606934,13.853500366210938,14.165499687194824,14.136699676513672,216980000
1604,2021-05-18,14.267000198364258,14.404250144958496,14.003999710083008,14.01574993133545,13.98725414276123,186256000
1605,2021-05-19,13.566499710083008,14.079500198364258,13.54325008392334,14.065750122070312,14.037151336669922,344000000
1606,2021-05-20,14.302499771118164,14.68375015258789,14.270500183105469,14.612500190734863,14.582793235778809,321592000
1607,2021-05-21,15.16374969482422,15.222000122070312,14.869500160217283,14.99174976348877,14.961268424987791,672992000
1608,2021-05-24,15.212499618530272,15.744999885559082,15.175999641418455,15.612000465393066,15.580259323120115,554816000
1609,2021-05-25,15.765999794006348,15.818499565124512,15.482500076293944,15.647749900817873,15.61593532562256,435408000
1610,2021-05-26,15.73425006866455,15.793749809265137,15.58625030517578,15.699999809265137,15.668079376220703,370440000
1611,2021-05-27,15.699749946594238,15.75,15.460000038146973,15.48799991607666,15.45651149749756,581476000
1612,2021-05-28,15.50100040435791,16.27750015258789,15.50100040435791,16.24449920654297,16.211471557617188,644536000
1613,2021-06-01,16.270000457763672,16.38825035095215,15.903249740600586,16.26449966430664,16.231430053710938,472804000
1614,2021-06-02,16.25225067138672,16.918750762939453,16.23550033569336,16.778249740600586,16.7441349029541,594168000
1615,2021-06-03,16.70075035095215,17.259000778198242,16.58300018310547,16.969749450683594,16.93524742126465,580008000
1616,2021-06-04,17.112499237060547,17.660999298095703,17.095500946044922,17.578250885009766,17.542512893676758,617120000
1617,2021-06-07,17.571250915527344,17.8125,17.192750930786133,17.618999481201172,17.58317756652832,575756000
1618,2021-06-08,17.527250289916992,17.62150001525879,17.250999450683594,17.457000732421875,17.421510696411133,323848000
1619,2021-06-09,17.515750885009766,17.575000762939453,17.25575065612793,17.35824966430664,17.32692527770996,381656000
1620,2021-06-10,17.350000381469727,17.492000579833984,17.176000595092773,17.424999237060547,17.3935546875,287772000
1621,2021-06-11,17.47949981689453,17.939250946044922,17.443750381469727,17.82525062561035,17.793087005615234,416308000
1622,2021-06-14,17.9060001373291,18.03949928283692,17.662750244140625,18.018749237060547,17.98623275756836,321376000
1623,2021-06-15,17.915000915527344,18.01625061035156,17.72800064086914,17.78849983215332,17.75640296936035,243032000
1624,2021-06-16,17.79075050354004,17.954750061035156,17.58449935913086,17.81024932861328,17.778114318847656,307124000
1625,2021-06-17,17.774499893188477,18.834999084472656,17.756250381469727,18.6572494506836,18.623584747314453,809656000
1626,2021-06-18,18.78400039672852,19.375,18.583999633789062,18.638750076293945,18.605119705200195,968856000
1627,2021-06-21,18.43524932861328,18.536500930786133,17.822750091552734,18.427249908447266,18.39399719238281,672384000
1628,2021-06-22,18.47150039672852,18.9637508392334,18.38599967956543,18.886749267578125,18.85266876220703,580144000
1629,2021-06-23,19.00774955749512,19.15275001525879,18.90774917602539,19.057249069213867,19.02286148071289,332356000
1630,2021-06-24,19.22775077819824,19.420000076293945,19.08824920654297,19.20549964904785,19.17084503173828,320924000
1631,2021-06-25,19.280500411987305,19.34550094604492,18.894500732421875,19.0310001373291,18.996658325195312,278364000
1632,2021-06-28,19.36124992370605,20.07875061035156,19.319000244140625,19.98500061035156,19.94894027709961,495436000
1633,2021-06-29,19.88249969482422,20.0987491607666,19.65699958801269,20.026750564575195,19.99061393737793,367632000
1634,2021-06-30,19.999250411987305,20.162500381469727,19.863750457763672,20.002500534057617,19.96640968322754,326568000
1635,2021-07-01,20.125,20.45599937438965,20.018999099731445,20.21199989318848,20.17552757263184,480136000
1636,2021-07-02,20.44025039672852,20.505250930786133,20.287750244140625,20.48699951171875,20.45003318786621,342764000
1637,2021-07-06,20.737499237060547,20.84199905395508,20.350250244140625,20.69849967956543,20.661151885986328,446708000
1638,2021-07-07,20.853500366210938,20.875,20.332000732421875,20.371749877929688,20.33499336242676,418428000
1639,2021-07-08,19.85650062561035,20.132999420166016,19.70075035095215,19.90275001525879,19.86683654785156,503300000
1640,2021-07-09,19.96249961853028,20.08024978637696,19.754249572753903,20.050249099731445,20.014068603515625,296624000
1641,2021-07-12,20.239999771118164,20.53274917602539,20.1877498626709,20.512500762939453,20.475486755371094,321984000
1642,2021-07-13,20.40049934387207,20.46125030517578,20.11400032043457,20.25,20.213457107543945,290708000
1643,2021-07-14,20.357749938964844,20.417749404907227,19.75275039672852,19.84149932861328,19.805694580078125,380100000
1644,2021-07-15,19.811750411987305,19.847000122070312,18.85849952697754,18.966249465942383,18.932025909423828,550564000
1645,2021-07-16,19.030500411987305,19.15699958801269,18.07299995422364,18.160999298095703,18.128231048583984,688224000
1646,2021-07-19,17.915250778198242,19.04199981689453,17.86549949645996,18.77975082397461,18.745864868164062,749060000
1647,2021-07-20,18.729999542236328,18.83799934387207,18.16399955749512,18.61199951171875,18.57841682434082,434687000
1648,2021-07-21,18.881999969482425,19.527000427246094,18.742000579833984,19.40999984741211,19.374977111816406,371017000
1649,2021-07-22,19.64200019836425,19.886999130249023,19.275999069213867,19.5939998626709,19.55864715576172,323826000
1650,2021-07-23,19.6560001373291,19.700000762939453,19.25,19.558000564575195,19.52270698547364,195672000
1651,2021-07-26,19.31100082397461,19.441999435424805,18.91399955749512,19.29400062561035,19.25918769836425,203943000
1652,2021-07-27,19.26499938964844,19.621999740600582,18.74099922180176,19.20800018310547,19.17334175109864,248863000
1653,2021-07-28,19.319000244140625,19.645999908447266,18.9950008392334,19.50300025939941,19.467809677124023,202191000
1654,2021-07-29,19.518999099731445,19.85300064086914,19.327999114990234,19.66200065612793,19.62652015686035,190781000
1655,2021-07-30,19.417999267578125,19.6299991607666,19.26300048828125,19.499000549316406,19.463817596435547,183497000
1656,2021-08-02,19.700000762939453,19.961000442504883,19.36100006103516,19.75,19.714365005493164,217444000
1657,2021-08-03,19.739999771118164,20.222000122070312,19.21999931335449,19.815000534057617,19.77924346923828,301811000
1658,2021-08-04,19.989999771118164,20.31800079345703,19.827999114990234,20.27400016784668,20.237417221069336,231309000
1659,2021-08-05,20.5,20.732999801635746,20.34199905395508,20.636999130249023,20.599760055541992,211435000
1660,2021-08-06,20.52400016784668,20.56999969482422,20.209999084472656,20.36599922180176,20.329248428344727,178497000
1661,2021-08-09,20.44599914550781,20.507999420166016,20.14299964904785,20.295000076293945,20.258377075195312,146443000
1662,2021-08-10,20.32200050354004,20.43000030517578,19.834999084472656,19.93600082397461,19.900026321411133,179238000
1663,2021-08-11,20.042999267578125,20.04899978637696,19.43000030517578,19.698999404907227,19.66345596313477,185925000
1664,2021-08-12,19.8700008392334,20.02899932861328,19.6200008392334,19.905000686645508,19.86907958984375,151652000
1665,2021-08-13,19.905000686645508,20.214000701904297,19.85099983215332,20.1879997253418,20.15157127380371,183063000
1666,2021-08-16,20.13500022888184,20.28700065612793,19.452999114990234,19.950000762939453,19.91399955749512,210876000
1667,2021-08-17,19.684999465942383,19.770000457763672,19.26700019836425,19.45800018310547,19.422887802124023,204585000
1668,2021-08-18,19.5,19.63400077819824,19.0,19.040000915527344,19.005640029907227,285913000
1669,2021-08-19,19.49399948120117,20.4950008392334,18.761999130249023,19.79800033569336,19.76227569580078,766555000
1670,2021-08-20,19.99099922180176,20.864999771118164,19.933000564575195,20.81599998474121,20.778440475463867,675741000
1671,2021-08-23,20.97100067138672,21.996999740600582,20.950000762939453,21.95800018310547,21.91837882995605,575807000
1672,2021-08-24,21.75300025939941,21.958999633789062,21.53499984741211,21.792999267578125,21.75367927551269,297299000
1673,2021-08-25,21.73699951171875,22.46999931335449,21.722000122070312,22.21299934387207,22.17291641235352,347701000
1674,2021-08-26,22.200000762939453,22.34000015258789,21.790000915527344,22.06800079345703,22.02818298339844,237940000
1675,2021-08-27,22.18400001525879,22.722000122070312,22.16699981689453,22.63599967956543,22.59515190124512,304722000
1676,2021-08-30,22.82999992370605,23.042999267578125,22.551000595092773,22.6879997253418,22.64705848693848,262580000
1677,2021-08-31,22.69499969482422,22.69499969482422,22.1200008392334,22.38500022888184,22.34855079650879,259850000
1678,2021-09-01,22.48500061035156,22.69700050354004,22.35700035095215,22.44099998474121,22.40445899963379,201767000
1679,2021-09-02,22.51799964904785,22.593000411987305,22.295000076293945,22.395999908447266,22.359533309936523,187834000
1680,2021-09-03,22.325000762939453,22.98600006103516,22.200000762939453,22.843000411987305,22.80580139160156,280532000
1681,2021-09-07,22.83300018310547,22.89900016784668,22.52199935913086,22.66200065612793,22.62509536743164,198107000
1682,2021-09-08,22.51300048828125,22.61000061035156,21.97699928283692,22.339000701904297,22.30262565612793,254434000
1683,2021-09-09,22.312000274658203,22.538000106811523,22.131000518798828,22.177000045776367,22.140888214111328,196856000
1684,2021-09-10,22.347999572753903,22.6259994506836,22.270000457763672,22.47800064086914,22.44139671325684,248376000
1685,2021-09-13,22.68400001525879,22.964000701904297,21.857999801635746,22.152000427246094,22.11592674255371,297500000
1686,2021-09-14,22.27499961853028,22.40999984741211,22.086000442504883,22.242000579833984,22.20577812194824,199755000
1687,2021-09-15,22.30900001525879,22.367000579833984,21.965999603271484,22.340999603271484,22.30462074279785,166538000
1688,2021-09-16,22.183000564575195,22.277000427246094,21.927000045776367,22.242000579833984,22.20577812194824,156033000
1689,2021-09-17,22.299999237060547,22.32099914550781,21.82999992370605,21.89999961853028,21.86433792114257,294503000
1690,2021-09-20,21.145999908447266,21.433000564575195,20.66200065612793,21.113000869750977,21.0786190032959,349440000
1691,2021-09-21,21.41699981689453,21.424999237060547,20.950000762939453,21.246000289916992,21.211402893066406,204688000
1692,2021-09-22,21.36599922180176,21.959999084472656,21.19599914550781,21.94099998474121,21.9052677154541,268726000
1693,2021-09-23,22.13999938964844,22.53499984741211,21.88999938964844,22.48200035095215,22.44539260864257,248555000
1694,2021-09-24,22.06999969482422,22.14900016784668,21.86100006103516,22.08099937438965,22.045040130615234,217655000
1695,2021-09-27,21.709999084472656,21.79899978637696,21.325000762939453,21.65999984741211,21.624725341796875,245215000
1696,2021-09-28,21.214000701904297,21.41900062561035,20.650999069213867,20.698999404907227,20.6652946472168,343069000
1697,2021-09-29,20.940000534057617,21.01700019836425,20.46699905395508,20.51700019836425,20.48358917236328,218394000
1698,2021-09-30,20.76799964904785,21.06599998474121,20.6879997253418,20.715999603271484,20.68226432800293,221009000
1699,2021-10-01,20.75,20.858999252319336,20.202999114990234,20.742000579833984,20.708223342895508,240978000
1700,2021-10-04,20.503999710083008,20.54199981689453,19.55500030517578,19.73200035095215,19.69986724853516,345635000
1701,2021-10-05,19.950000762939453,20.64800071716309,19.85400009155273,20.451000213623047,20.41769790649414,279282000
1702,2021-10-06,20.1200008392334,20.71999931335449,20.07999992370605,20.700000762939453,20.666296005249023,297202000
1703,2021-10-07,21.09199905395508,21.32200050354004,20.972000122070312,21.075000762939453,21.040679931640625,256919000
1704,2021-10-08,21.10099983215332,21.20599937438965,20.77499961853028,20.83099937438965,20.79707717895508,151258000
1705,2021-10-11,20.575000762939453,21.0629997253418,20.51099967956543,20.69499969482422,20.661296844482425,163388000
1706,2021-10-12,20.827999114990234,21.05699920654297,20.527999877929688,20.67099952697754,20.637338638305664,162134000
1707,2021-10-13,20.917999267578125,20.989999771118164,20.71299934387207,20.93899917602539,20.904903411865234,180652000
1708,2021-10-14,21.288000106811523,21.7549991607666,21.121999740600582,21.746000289916992,21.710590362548828,243589000
1709,2021-10-15,21.809999465942383,21.93099975585937,21.66200065612793,21.86199951171875,21.826398849487305,226994000
1710,2021-10-18,21.749000549316406,22.291000366210938,21.643999099731445,22.222000122070312,22.18581199645996,189494000
1711,2021-10-19,22.275999069213867,22.378999710083008,22.03700065612793,22.290000915527344,22.253700256347656,161473000
1712,2021-10-20,22.30500030517578,22.433000564575195,21.98200035095215,22.10300064086914,22.067007064819336,146276000
1713,2021-10-21,22.097000122070312,22.711000442504883,22.08300018310547,22.691999435424805,22.65504646301269,187590000
1714,2021-10-22,22.82299995422364,23.1299991607666,22.56100082397461,22.72599983215332,22.688989639282227,249384000
1715,2021-10-25,22.972999572753903,23.354999542236328,22.770000457763672,23.166000366210938,23.12827491760254,230235000
1716,2021-10-26,23.98900032043457,25.25900077819824,23.92399978637696,24.71699905395508,24.67675018310547,485898000
1717,2021-10-27,24.474000930786133,25.09000015258789,24.28199958801269,24.451000213623047,24.41118431091309,245990000
1718,2021-10-28,24.87800025939941,24.950000762939453,24.52300071716309,24.94099998474121,24.9003849029541,234204000
1719,2021-10-29,25.0009994506836,25.708999633789062,25.0,25.566999435424805,25.525365829467773,292503000
1720,2021-11-01,25.64900016784668,25.893999099731445,25.22699928283692,25.82699966430664,25.78494453430176,265740000
1721,2021-11-02,25.82200050354004,26.67799949645996,25.799999237060547,26.400999069213867,26.358003616333008,294112000
1722,2021-11-03,26.670000076293945,26.78400039672852,26.23500061035156,26.597999572753903,26.5546875,239910000
1723,2021-11-04,27.22900009155273,31.364999771118164,27.11800003051757,29.801000595092773,29.75247001647949,1153631000
1724,2021-11-05,30.187000274658203,31.39999961853028,29.40999984741211,29.75200080871582,29.70355224609375,851260000
1725,2021-11-08,30.14900016784668,31.100000381469727,29.90699958801269,30.804000854492188,30.75383949279785,503101000
1726,2021-11-09,32.28200149536133,32.310001373291016,29.964000701904297,30.65699958801269,30.607078552246094,646746000
1727,2021-11-10,29.356000900268555,30.850000381469727,28.777999877929688,29.458999633789062,29.411027908325195,636206000
1728,2021-11-11,30.468000411987305,30.59000015258789,29.777000427246094,30.38999938964844,30.340511322021484,332172000
1729,2021-11-12,30.01000022888184,30.68000030517578,29.6299991607666,30.38999938964844,30.340511322021484,413054000
1730,2021-11-15,30.552000045776367,30.643999099731445,29.246999740600582,30.02499961853028,29.976104736328125,384909000
1731,2021-11-16,29.75900077819824,30.38999938964844,29.70599937438965,30.202999114990234,30.1538143157959,264484000
1732,2021-11-17,30.417999267578125,30.50900077819824,28.799999237060547,29.26099967956543,29.21335220336914,428508000
1733,2021-11-18,32.367000579833984,32.7599983215332,31.32099914550781,31.674999237060547,31.62341690063477,781711000
1734,2021-11-19,32.24300003051758,33.0880012512207,31.905000686645508,32.98500061035156,32.93128967285156,533867000
1735,2021-11-22,33.516998291015625,34.64699935913086,31.89999961853028,31.95599937438965,31.90395736694336,754335000
1736,2021-11-23,31.53499984741211,32.36000061035156,30.8799991607666,31.746000289916992,31.694307327270508,532163000
1737,2021-11-24,31.461000442504883,32.85499954223633,30.92799949645996,32.67399978637695,32.62080001831055,435162000
1738,2021-11-26,32.599998474121094,32.709999084472656,31.350000381469727,31.50300025939941,31.451698303222656,283069000
1739,2021-11-29,32.36600112915039,33.4119987487793,32.0359992980957,33.375999450683594,33.32164764404297,454964000
1740,2021-11-30,33.16899871826172,33.35300064086914,31.86400032043457,32.67599868774414,32.6227912902832,622066000
1741,2021-12-01,33.21900177001953,33.28900146484375,31.3799991607666,31.434999465942383,31.38765525817871,484368000
1742,2021-12-02,31.214000701904297,32.47800064086914,31.02499961853028,32.125999450683594,32.07761001586914,472890000
1743,2021-12-03,32.0,32.12900161743164,30.1299991607666,30.69300079345703,30.646772384643555,544325000
1744,2021-12-06,29.8799991607666,30.24099922180176,28.038000106811523,30.03700065612793,29.99176025390625,658938000
1745,2021-12-07,30.957000732421875,32.44900131225586,30.650999069213867,32.426998138427734,32.37815475463867,593053000
1746,2021-12-08,31.999000549316406,32.290000915527344,31.42099952697754,31.826000213623047,31.778064727783203,475551000
1747,2021-12-09,31.733999252319336,32.20500183105469,30.42799949645996,30.489999771118164,30.444076538085938,488507000
1748,2021-12-10,31.14999961853028,31.30500030517578,29.86100006103516,30.19799995422364,30.15251541137696,488825000
1749,2021-12-13,30.249000549316406,30.29400062561035,28.11599922180176,28.160999298095703,28.11858367919922,598344000
1750,2021-12-14,27.698999404907227,28.67799949645996,27.25,28.33699989318848,28.294321060180664,667035000
1751,2021-12-15,28.39999961853028,30.5,27.83799934387207,30.458999633789062,30.41312599182129,698297000
1752,2021-12-16,31.152000427246094,31.15999984741211,28.093000411987305,28.386999130249023,28.3442440032959,707366000
1753,2021-12-17,27.98500061035156,28.92200088500977,27.76000022888184,27.801000595092773,27.759126663208008,713758000
1754,2021-12-20,27.30500030517578,28.143999099731445,27.145000457763672,27.7189998626709,27.677249908447266,461847000
1755,2021-12-21,28.374000549316406,29.1200008392334,27.400999069213867,29.075000762939453,29.031211853027344,524385000
1756,2021-12-22,28.891000747680664,29.55500030517578,28.448999404907227,29.39999961853028,29.3557186126709,395184000
1757,2021-12-23,29.7549991607666,30.05900001525879,29.43099975585937,29.63999938964844,29.595355987548828,343022000
1758,2021-12-27,29.65999984741211,31.08699989318848,29.63999938964844,30.94499969482422,30.898393630981445,403686000
1759,2021-12-28,31.312000274658203,31.32999992370605,30.011999130249023,30.32200050354004,30.276329040527344,420591000
1760,2021-12-29,30.27300071716309,30.54800033569336,29.36599922180176,30.0009994506836,29.955810546875,343139000
1761,2021-12-30,29.82699966430664,30.457000732421875,29.540000915527344,29.586000442504883,29.54143524169922,308864000
1762,2021-12-31,29.67399978637696,30.030000686645508,29.33099937438965,29.410999298095703,29.36670112609864,266530000
1763,2022-01-03,29.815000534057617,30.711000442504883,29.78499984741211,30.121000289916992,30.07563018798828,391547000
1764,2022-01-04,30.277000427246094,30.468000411987305,28.349000930786133,29.290000915527344,29.24588394165039,527154000
1765,2022-01-05,28.948999404907227,29.416000366210938,27.53300094604492,27.60400009155273,27.56242561340332,498064000
1766,2022-01-06,27.63999938964844,28.4379997253418,27.065000534057617,28.17799949645996,28.13555908203125,454186000
1767,2022-01-07,28.141000747680664,28.42200088500977,27.05699920654297,27.246999740600582,27.205963134765625,409939000
1768,2022-01-10,26.58099937438965,27.4689998626709,25.643999099731445,27.39999961853028,27.35873031616211,594681000
1769,2022-01-11,27.32299995422364,28.065000534057617,26.839000701904297,27.816999435424805,27.775102615356445,404089000
1770,2022-01-12,28.066999435424805,28.59499931335449,27.607999801635746,27.999000549316406,27.95682907104492,383413000
1771,2022-01-13,28.378999710083008,28.479999542236328,26.49799919128418,26.575000762939453,26.53497314453125,540171000
1772,2022-01-14,26.299999237060547,27.19700050354004,26.209999084472656,26.941999435424805,26.90142059326172,395832000
1773,2022-01-18,26.26000022888184,26.63800048828125,25.770000457763672,25.902999877929688,25.863988876342773,424270000
1774,2022-01-19,26.07900047302246,26.542999267578125,25.052000045776367,25.066999435424805,25.02924346923828,488315000
1775,2022-01-20,25.304000854492188,25.57900047302246,24.077999114990234,24.14999961853028,24.11362838745117,435181000
1776,2022-01-21,23.506999969482425,24.82299995422364,23.26300048828125,23.374000549316406,23.338796615600582,718958000
1777,2022-01-24,22.32999992370605,23.3799991607666,20.88800048828125,23.371999740600582,23.33679962158203,913982000
1778,2022-01-25,22.54599952697754,22.94300079345703,22.0,22.323999404907227,22.290376663208008,664616000
1779,2022-01-26,23.239999771118164,24.05699920654297,22.299999237060547,22.77199935913086,22.73769760131836,755959000
1780,2022-01-27,23.56800079345703,23.9950008392334,21.674999237060547,21.944000244140625,21.91094970703125,573353000
1781,2022-01-28,22.011999130249023,22.857999801635746,21.29599952697754,22.84000015258789,22.80560111999512,543774000
1782,2022-01-31,23.18199920654297,24.50900077819824,23.052000045776367,24.48600006103516,24.449121475219727,564680000
1783,2022-02-01,25.10400009155273,25.145000457763672,23.88999938964844,24.63800048828125,24.60089111328125,518925000
1784,2022-02-02,25.79400062561035,25.816999435424805,24.55299949645996,25.242000579833984,25.20398330688477,543419000
1785,2022-02-03,24.45800018310547,25.07699966430664,23.780000686645508,23.94799995422364,23.91193199157715,410178000
1786,2022-02-04,23.972000122070312,24.63500022888184,23.631999969482425,24.319000244140625,24.282371520996094,354829000
1787,2022-02-07,24.371999740600582,25.18199920654297,24.20199966430664,24.72800064086914,24.69075393676757,376868000
1788,2022-02-08,24.358999252319336,25.229999542236328,23.979999542236328,25.107999801635746,25.0701847076416,410359000
1789,2022-02-09,25.621999740600582,26.725000381469727,25.35300064086914,26.70499992370605,26.664775848388672,524282000
1790,2022-02-10,25.9950008392334,26.924999237060547,25.600000381469727,25.823999404907227,25.785106658935547,513200000
1791,2022-02-11,25.916000366210938,26.152000427246094,23.77300071716309,23.948999404907227,23.912931442260746,605472000
1792,2022-02-14,23.93400001525879,24.875,23.7549991607666,24.26700019836425,24.230449676513672,440424000
1793,2022-02-15,24.948999404907227,26.545000076293945,24.78400039672852,26.4950008392334,26.455097198486328,699869000
1794,2022-02-16,26.25900077819824,26.582000732421875,25.552000045776367,26.51099967956543,26.471071243286133,732676000
1795,2022-02-17,25.6299991607666,25.78499984741211,24.165000915527344,24.506999969482425,24.4700870513916,810595000
1796,2022-02-18,24.667999267578125,24.98600006103516,23.100000381469727,23.64200019836425,23.60638999938965,761255000
1797,2022-02-22,23.03499984741211,24.06399917602539,23.0,23.38999938964844,23.35477066040039,633422000
1798,2022-02-23,23.802000045776367,24.155000686645508,22.301000595092773,22.386999130249023,22.353281021118164,566511000
1799,2022-02-24,21.01499938964844,23.799999237060547,20.88999938964844,23.74799919128418,23.71222686767578,735801000
1800,2022-02-25,23.72100067138672,24.21699905395508,23.381000518798828,24.15699958801269,24.12061309814453,528866000
1801,2022-02-28,23.992000579833984,24.665000915527344,23.707000732421875,24.38500022888184,24.3482723236084,477319000
1802,2022-03-01,24.291000366210938,24.37700080871582,23.131999969482425,23.47699928283692,23.44163703918457,412056000
1803,2022-03-02,23.756000518798828,24.40900039672852,23.415000915527344,24.21999931335449,24.187641143798828,389642000
1804,2022-03-03,24.261999130249023,24.326000213623047,23.4689998626709,23.714000701904297,23.682315826416016,365095000
1805,2022-03-04,23.38400077819824,23.68000030517578,22.48200035095215,22.93600082397461,22.905357360839844,431415000
1806,2022-03-07,22.816999435424805,23.03300094604492,21.32999992370605,21.35199928283692,21.32347297668457,450821000
1807,2022-03-08,21.30900001525879,22.37299919128418,20.64999961853028,21.513999938964844,21.48525619506836,557467000
1808,2022-03-09,22.386999130249023,23.21999931335449,22.246999740600582,23.013999938964844,22.98325157165528,492742000
1809,2022-03-10,22.5310001373291,22.788000106811523,21.881999969482425,22.65800094604492,22.62772560119629,428066000
1810,2022-03-11,23.02199935913086,23.145000457763672,22.04599952697754,22.100000381469727,22.07047271728516,367209000
1811,2022-03-14,21.86899948120117,22.261999130249023,21.15900039672852,21.32999992370605,21.30150413513184,385354000
1812,2022-03-15,21.51799964904785,23.038000106811523,21.32200050354004,22.972999572753903,22.94230842590332,491996000
1813,2022-03-16,23.5,24.597000122070312,23.17200088500977,24.496000289916992,24.463274002075195,671422000
1814,2022-03-17,24.1200008392334,24.84199905395508,23.9060001373291,24.766000747680664,24.73291015625,471941000
1815,2022-03-18,24.79899978637696,26.569000244140625,24.624000549316406,26.452999114990234,26.41765785217285,730719000
1816,2022-03-21,26.506999969482425,27.152000427246094,25.96699905395508,26.733999252319336,26.69828414916992,591727000
1817,2022-03-22,26.72699928283692,27.238000869750977,26.07200050354004,26.52400016784668,26.488561630249023,547007000
1818,2022-03-23,26.1259994506836,26.61199951171875,25.575000762939453,25.63400077819824,25.59975242614746,502120000
1819,2022-03-24,26.166000366210938,28.31999969482422,25.90699958801269,28.14999961853028,28.11239051818848,877379000